{
  "batch_size": [
    4,
    8,
    16,
    32,
    64,
    128,
    256
  ],
  "rate": [
    1.0982955595366117,
    0.9705299711891854,
    0.8167308943121612,
    0.6585064643999236,
    0.48460740717621376,
    0.32635774888231883,
    0.1747871764372494
  ]
}