{
  "batch_size": [
    32,
    64,
    128,
    256,
    1024,
    2048
  ],
  "rate": [
    0.995435162369572,
    0.9178945606301191,
    0.7939065459732583,
    0.6191141332899229,
    0.2639045040932703,
    0.15016273302989142
  ]
}