{
  "batch_size": [
    32,
    64,
    128,
    256,
    1024,
    2048
  ],
  "rate": [
    0.7624763684575564,
    0.6794151554310366,
    0.5975338276062151,
    0.5265135491751187,
    0.2958583262958933,
    0.17808616702378216
  ]
}