{
  "batch_size": [
    32,
    64,
    128,
    256,
    1024,
    2048
  ],
  "rate": [
    0.9467548071568208,
    0.8147921409286059,
    0.7842551136988629,
    0.6451488154759555,
    0.34240635839422795,
    0.2201671902178348
  ]
}