{
  "batch_size": [
    32,
    64,
    128,
    256,
    1024,
    2048
  ],
  "rate": [
    1.0429163025758212,
    0.8288727448561743,
    0.7292138504338536,
    0.6430356709701314,
    0.3601051514246576,
    0.21945645444864964
  ]
}