{
  "batch_size": [
    32,
    64,
    128,
    256,
    1024,
    2048
  ],
  "rate": [
    0.6596916908401866,
    0.6213976945508349,
    0.5865819294847374,
    0.5289957944626924,
    0.3164309566201911,
    0.21331428186211945
  ]
}