{
  "batch_size": [
    16,
    32,
    64,
    128,
    256,
    512
  ],
  "rate": [
    27.95886329440619,
    25.494196281071957,
    18.078964091741604,
    11.62592360980714,
    6.544870395319044,
    3.3987076565484675
  ]
}