{
  "batch_size": [
    256,
    512
  ],
  "rate": [
    0.1255668423841864,
    0.06795939042375199
  ]
}