{
  "batch_size": [
    32,
    64,
    128,
    256,
    1024,
    2048
  ],
  "rate": [
    1.1171402123855443,
    0.9259658427773256,
    0.8340625757791705,
    0.7157714709210907,
    0.3875895653209562,
    0.23984293905898968
  ]
}