{
  "batch_size": [
    16,
    32,
    64,
    128,
    256,
    512
  ],
  "rate": [
    0.8678177776393037,
    0.6897583762430257,
    0.3870644744240656,
    0.3257841474309369,
    0.18736231338254128,
    0.11643122310518059
  ]
}