{
  "batch_size": [
    16,
    32,
    64,
    128,
    256,
    512
  ],
  "rate": [
    18.298878237305658,
    9.693660835608446,
    4.674131292683565,
    2.3713880306843067,
    1.1656988685557392,
    0.5630035275104776
  ]
}