{
  "batch_size": [
    16,
    32,
    64,
    128,
    256,
    512
  ],
  "rate": [
    0.7978010279277477,
    0.7076563609690786,
    0.6015987097736248,
    0.4725349160505449,
    0.30922265324345166,
    0.1684552440046766
  ]
}