{
  "batch_size": [
    256,
    512
  ],
  "rate": [
    0.1863188772498729,
    0.12655919005405775
  ]
}