{
  "batch_size": [
    32,
    64,
    128,
    256,
    1024,
    2048
  ],
  "rate": [
    0.6786963914567856,
    0.6095068045457477,
    0.5711360773191547,
    0.5228912790817553,
    0.3175491339339069,
    0.20285123760852408
  ]
}