{
  "batch_size": [
    32,
    64,
    128,
    256,
    1024,
    2048
  ],
  "rate": [
    1.0553743253891772,
    0.8979545271407938,
    0.7831146172159621,
    0.6670440327375514,
    0.3859401254028733,
    0.23412328452309172
  ]
}