{
  "batch_size": [
    32,
    64,
    128,
    256,
    1024,
    2048
  ],
  "rate": [
    0.9692734478894244,
    0.8483099693851315,
    0.7493711032926437,
    0.6557242554661432,
    0.3600809445706431,
    0.23152647008298438
  ]
}