{
  "batch_size": [
    16,
    32,
    64,
    128,
    256,
    512
  ],
  "rate": [
    0.9893050410282644,
    0.8662141649492754,
    0.7062752418503228,
    0.529342478863402,
    0.3321062911341941,
    0.18251421091300327
  ]
}