{
  "batch_size": [
    32,
    64,
    128,
    256,
    1024,
    2048
  ],
  "rate": [
    0.8544897041149948,
    0.7680187574640469,
    0.6943379588429154,
    0.5936660111399708,
    0.31552417292549034,
    0.19498629622027283
  ]
}