{
  "batch_size": [
    8,
    16,
    32,
    64,
    128,
    256,
    512
  ],
  "rate": [
    1.1211484841601256,
    1.032565842956672,
    0.9015874860683009,
    0.7121182046475519,
    0.5188199098207275,
    0.31945192566298175,
    0.17321446085247533
  ]
}