{
  "batch_size": [
    16,
    32,
    64,
    128,
    256,
    512,
    1024
  ],
  "rate": [
    1.071713799347005,
    0.9786101974208573,
    0.8566995337405328,
    0.6923645509853302,
    0.49255665645464536,
    0.2900911359017771,
    0.1654329386600209
  ]
}