{
  "batch_size": [
    16,
    32,
    64,
    128,
    256,
    512
  ],
  "rate": [
    21.830788974776176,
    19.715002389827937,
    14.450946341671811,
    10.169272869898222,
    5.946203028828586,
    1.9608415770279173
  ]
}