{
  "batch_size": [
    32,
    64,
    128,
    256,
    1024,
    2048
  ],
  "rate": [
    0.712670184363577,
    0.6671659639520585,
    0.615580228076934,
    0.5466530831267004,
    0.32592884549552487,
    0.21812587262563748
  ]
}