{
  "batch_size": [
    32,
    64,
    128,
    256,
    1024,
    2048
  ],
  "rate": [
    0.6991185090082982,
    0.6512754881412144,
    0.6123032152678229,
    0.538842780793008,
    0.32782600234743575,
    0.21571743877346367
  ]
}